date,region,sst
1981-09-01,Bay of Fundy,12.742
1981-09-01,Scotian Shelf,17.489
1981-09-01,Gulf of St. Lawrence,15.277
1982-07-15,Bay of Fundy,11.999
1982-07-15,Scotian Shelf,13.745
1982-07-15,Gulf of St. Lawrence,13.812
1983-07-15,Bay of Fundy,11.204
1983-07-15,Scotian Shelf,15.094
1983-07-15,Gulf of St. Lawrence,13.924
1984-07-15,Bay of Fundy,12.533
1984-07-15,Scotian Shelf,14.984
1984-07-15,Gulf of St. Lawrence,14.861
1985-07-15,Bay of Fundy,12.716
1985-07-15,Scotian Shelf,14.663
1985-07-15,Gulf of St. Lawrence,14.763
1986-07-15,Bay of Fundy,11.683
1986-07-15,Scotian Shelf,12.564
1986-07-15,Gulf of St. Lawrence,13.532
1987-07-15,Bay of Fundy,12.532
1987-07-15,Scotian Shelf,15.268
1987-07-15,Gulf of St. Lawrence,15.299
1988-07-15,Bay of Fundy,12.938
1988-07-15,Scotian Shelf,13.733
1988-07-15,Gulf of St. Lawrence,13.312
1989-07-15,Bay of Fundy,12.925
1989-07-15,Scotian Shelf,14.272
1989-07-15,Gulf of St. Lawrence,14.484
1990-07-15,Bay of Fundy,11.962
1990-07-15,Scotian Shelf,13.408
1990-07-15,Gulf of St. Lawrence,12.646
1991-07-15,Bay of Fundy,13.067
1991-07-15,Scotian Shelf,13.988
1991-07-15,Gulf of St. Lawrence,12.635
1992-07-15,Bay of Fundy,11.699
1992-07-15,Scotian Shelf,12.889
1992-07-15,Gulf of St. Lawrence,12.848
1993-07-15,Bay of Fundy,12.684
1993-07-15,Scotian Shelf,13.436
1993-07-15,Gulf of St. Lawrence,12.403
1994-07-15,Bay of Fundy,13.821
1994-07-15,Scotian Shelf,16.111
1994-07-15,Gulf of St. Lawrence,14.334
1995-07-15,Bay of Fundy,12.623
1995-07-15,Scotian Shelf,14.73
1995-07-15,Gulf of St. Lawrence,15.038
1996-07-15,Bay of Fundy,11.426
1996-07-15,Scotian Shelf,13.956
1996-07-15,Gulf of St. Lawrence,13.895
1997-07-15,Bay of Fundy,12.844
1997-07-15,Scotian Shelf,13.643
1997-07-15,Gulf of St. Lawrence,13.527
1998-07-15,Bay of Fundy,13.293
1998-07-15,Scotian Shelf,14.128
1998-07-15,Gulf of St. Lawrence,14.852
1999-07-15,Bay of Fundy,12.881
1999-07-15,Scotian Shelf,15.33
1999-07-15,Gulf of St. Lawrence,15.501
2000-07-15,Bay of Fundy,13.215
2000-07-15,Scotian Shelf,14.911
2000-07-15,Gulf of St. Lawrence,14.408
2001-07-15,Bay of Fundy,13.196
2001-07-15,Scotian Shelf,15.229
2001-07-15,Gulf of St. Lawrence,14.541
2002-07-15,Bay of Fundy,12.74
2002-07-15,Scotian Shelf,14.101
2002-07-15,Gulf of St. Lawrence,13.78
2003-07-15,Bay of Fundy,12.812
2003-07-15,Scotian Shelf,15.52
2003-07-15,Gulf of St. Lawrence,14.435
2004-07-15,Bay of Fundy,12.168
2004-07-15,Scotian Shelf,14.36
2004-07-15,Gulf of St. Lawrence,13.327
2005-07-15,Bay of Fundy,11.768
2005-07-15,Scotian Shelf,14.841
2005-07-15,Gulf of St. Lawrence,14.115
2006-07-15,Bay of Fundy,13.058
2006-07-15,Scotian Shelf,14.672
2006-07-15,Gulf of St. Lawrence,15.449
2007-07-15,Bay of Fundy,11.706
2007-07-15,Scotian Shelf,14.011
2007-07-15,Gulf of St. Lawrence,14.873
2008-07-15,Bay of Fundy,14.242
2008-07-15,Scotian Shelf,16.336
2008-07-15,Gulf of St. Lawrence,15.684
2009-07-15,Bay of Fundy,12.568
2009-07-15,Scotian Shelf,15.679
2009-07-15,Gulf of St. Lawrence,14.424
2010-07-15,Bay of Fundy,15.464
2010-07-15,Scotian Shelf,17.196
2010-07-15,Gulf of St. Lawrence,15.25
2011-07-15,Bay of Fundy,12.358
2011-07-15,Scotian Shelf,13.854
2011-07-15,Gulf of St. Lawrence,14.171
2012-07-15,Bay of Fundy,15.255
2012-07-15,Scotian Shelf,16.822
2012-07-15,Gulf of St. Lawrence,15.863
2013-07-15,Bay of Fundy,14.897
2013-07-15,Scotian Shelf,17.879
2013-07-15,Gulf of St. Lawrence,16.919
2014-07-15,Bay of Fundy,13.482
2014-07-15,Scotian Shelf,15.704
2014-07-15,Gulf of St. Lawrence,15.038
2015-07-15,Bay of Fundy,12.734
2015-07-15,Scotian Shelf,14.803
2015-07-15,Gulf of St. Lawrence,14.662
2016-07-15,Bay of Fundy,13.746
2016-07-15,Scotian Shelf,15.599
2016-07-15,Gulf of St. Lawrence,14.91
2017-07-15,Bay of Fundy,13.072
2017-07-15,Scotian Shelf,15.652
2017-07-15,Gulf of St. Lawrence,15.699
2018-07-15,Bay of Fundy,14.348
2018-07-15,Scotian Shelf,14.565
2018-07-15,Gulf of St. Lawrence,14.791
2019-07-15,Bay of Fundy,12.66
2019-07-15,Scotian Shelf,14.118
2019-07-15,Gulf of St. Lawrence,14.072
2020-07-15,Bay of Fundy,14.193
2020-07-15,Scotian Shelf,16.167
2020-07-15,Gulf of St. Lawrence,15.174
2021-07-15,Bay of Fundy,15.341
2021-07-15,Scotian Shelf,15.829
2021-07-15,Gulf of St. Lawrence,14.799
2022-07-15,Bay of Fundy,13.573
2022-07-15,Scotian Shelf,16.418
2022-07-15,Gulf of St. Lawrence,14.317
2023-07-15,Bay of Fundy,13.823
2023-07-15,Scotian Shelf,16.456
2023-07-15,Gulf of St. Lawrence,15.225
2024-07-15,Bay of Fundy,13.641
2024-07-15,Scotian Shelf,15.764
2024-07-15,Gulf of St. Lawrence,17.876
2025-07-15,Bay of Fundy,13.725
2025-07-15,Scotian Shelf,16.257
2025-07-15,Gulf of St. Lawrence,16.778
2026-01-15,Bay of Fundy,3.674
2026-01-15,Scotian Shelf,3.877
2026-01-15,Gulf of St. Lawrence,0.037
1981-09-15,Bay of Fundy,13.977
1981-09-15,Scotian Shelf,16.606
1981-09-15,Gulf of St. Lawrence,14.773
1981-10-15,Bay of Fundy,11.872
1981-10-15,Scotian Shelf,12.561
1981-10-15,Gulf of St. Lawrence,8.387
1981-11-15,Bay of Fundy,9.449
1981-11-15,Scotian Shelf,9.515
1981-11-15,Gulf of St. Lawrence,5.217
1981-12-15,Bay of Fundy,6.939
1981-12-15,Scotian Shelf,6.959
1981-12-15,Gulf of St. Lawrence,3.427
1982-01-15,Bay of Fundy,3.327
1982-01-15,Scotian Shelf,3.024
1982-01-15,Gulf of St. Lawrence,0.566
1982-02-15,Bay of Fundy,2.299
1982-02-15,Scotian Shelf,2.114
1982-02-15,Gulf of St. Lawrence,-0.253
1982-03-15,Bay of Fundy,1.669
1982-03-15,Scotian Shelf,1.31
1982-03-15,Gulf of St. Lawrence,-0.045
1982-04-15,Bay of Fundy,2.558
1982-04-15,Scotian Shelf,1.829
1982-04-15,Gulf of St. Lawrence,0.5
1982-05-15,Bay of Fundy,4.602
1982-05-15,Scotian Shelf,6.006
1982-05-15,Gulf of St. Lawrence,4.026
1982-06-15,Bay of Fundy,8.387
1982-06-15,Scotian Shelf,7.577
1982-06-15,Gulf of St. Lawrence,7.809
1982-08-15,Bay of Fundy,13.057
1982-08-15,Scotian Shelf,16.365
1982-08-15,Gulf of St. Lawrence,15.31
1982-09-15,Bay of Fundy,12.942
1982-09-15,Scotian Shelf,15.783
1982-09-15,Gulf of St. Lawrence,12.459
1982-10-15,Bay of Fundy,11.927
1982-10-15,Scotian Shelf,12.794
1982-10-15,Gulf of St. Lawrence,9.307
1982-11-15,Bay of Fundy,9.529
1982-11-15,Scotian Shelf,9.093
1982-11-15,Gulf of St. Lawrence,4.948
1982-12-15,Bay of Fundy,5.943
1982-12-15,Scotian Shelf,5.71
1982-12-15,Gulf of St. Lawrence,1.168
1983-01-15,Bay of Fundy,4.582
1983-01-15,Scotian Shelf,4.215
1983-01-15,Gulf of St. Lawrence,0.116
1983-02-15,Bay of Fundy,2.832
1983-02-15,Scotian Shelf,3.164
1983-02-15,Gulf of St. Lawrence,-0.642
1983-03-15,Bay of Fundy,1.603
1983-03-15,Scotian Shelf,2.389
1983-03-15,Gulf of St. Lawrence,-0.024
1983-04-15,Bay of Fundy,2.883
1983-04-15,Scotian Shelf,3.29
1983-04-15,Gulf of St. Lawrence,0.053
1983-05-15,Bay of Fundy,3.476
1983-05-15,Scotian Shelf,6.767
1983-05-15,Gulf of St. Lawrence,4.396
1983-06-15,Bay of Fundy,9.219
1983-06-15,Scotian Shelf,10.192
1983-06-15,Gulf of St. Lawrence,9.228
1983-08-15,Bay of Fundy,14.163
1983-08-15,Scotian Shelf,16.861
1983-08-15,Gulf of St. Lawrence,15.715
1983-09-15,Bay of Fundy,13.55
1983-09-15,Scotian Shelf,16.007
1983-09-15,Gulf of St. Lawrence,13.345
1983-10-15,Bay of Fundy,12.205
1983-10-15,Scotian Shelf,14.158
1983-10-15,Gulf of St. Lawrence,10.341
1983-11-15,Bay of Fundy,9.304
1983-11-15,Scotian Shelf,9.254
1983-11-15,Gulf of St. Lawrence,4.705
1983-12-15,Bay of Fundy,7.082
1983-12-15,Scotian Shelf,5.933
1983-12-15,Gulf of St. Lawrence,2.049
1984-01-15,Bay of Fundy,2.985
1984-01-15,Scotian Shelf,2.714
1984-01-15,Gulf of St. Lawrence,-0.272
1984-02-15,Bay of Fundy,1.85
1984-02-15,Scotian Shelf,2.393
1984-02-15,Gulf of St. Lawrence,-0.305
1984-03-15,Bay of Fundy,1.24
1984-03-15,Scotian Shelf,1.715
1984-03-15,Gulf of St. Lawrence,-0.509
1984-04-15,Bay of Fundy,2.826
1984-04-15,Scotian Shelf,3.656
1984-04-15,Gulf of St. Lawrence,0.46
1984-05-15,Bay of Fundy,2.955
1984-05-15,Scotian Shelf,5.476
1984-05-15,Gulf of St. Lawrence,3.203
1984-06-15,Bay of Fundy,8.563
1984-06-15,Scotian Shelf,9.811
1984-06-15,Gulf of St. Lawrence,8.049
1984-08-15,Bay of Fundy,16.407
1984-08-15,Scotian Shelf,19.566
1984-08-15,Gulf of St. Lawrence,17.636
1984-09-15,Bay of Fundy,13.005
1984-09-15,Scotian Shelf,15.861
1984-09-15,Gulf of St. Lawrence,14.012
1984-10-15,Bay of Fundy,11.066
1984-10-15,Scotian Shelf,11.974
1984-10-15,Gulf of St. Lawrence,7.408
1984-11-15,Bay of Fundy,9.714
1984-11-15,Scotian Shelf,9.383
1984-11-15,Gulf of St. Lawrence,4.133
1984-12-15,Bay of Fundy,7.314
1984-12-15,Scotian Shelf,6.24
1984-12-15,Gulf of St. Lawrence,1.501
1985-01-15,Bay of Fundy,2.317
1985-01-15,Scotian Shelf,2.689
1985-01-15,Gulf of St. Lawrence,-0.113
1985-02-15,Bay of Fundy,2.175
1985-02-15,Scotian Shelf,1.533
1985-02-15,Gulf of St. Lawrence,-0.494
1985-03-15,Bay of Fundy,1.394
1985-03-15,Scotian Shelf,1.492
1985-03-15,Gulf of St. Lawrence,-0.286
1985-04-15,Bay of Fundy,1.769
1985-04-15,Scotian Shelf,1.605
1985-04-15,Gulf of St. Lawrence,-0.325
1985-05-15,Bay of Fundy,3.911
1985-05-15,Scotian Shelf,3.52
1985-05-15,Gulf of St. Lawrence,2.605
1985-06-15,Bay of Fundy,7.873
1985-06-15,Scotian Shelf,8.265
1985-06-15,Gulf of St. Lawrence,8.115
1985-08-15,Bay of Fundy,14.933
1985-08-15,Scotian Shelf,16.879
1985-08-15,Gulf of St. Lawrence,16.256
1985-09-15,Bay of Fundy,12.835
1985-09-15,Scotian Shelf,14.827
1985-09-15,Gulf of St. Lawrence,13.345
1985-10-15,Bay of Fundy,11.649
1985-10-15,Scotian Shelf,12.973
1985-10-15,Gulf of St. Lawrence,9.763
1985-11-15,Bay of Fundy,8.849
1985-11-15,Scotian Shelf,8.428
1985-11-15,Gulf of St. Lawrence,4.542
1985-12-15,Bay of Fundy,5.606
1985-12-15,Scotian Shelf,4.717
1985-12-15,Gulf of St. Lawrence,0.836
1986-01-15,Bay of Fundy,2.809
1986-01-15,Scotian Shelf,2.665
1986-01-15,Gulf of St. Lawrence,0.045
1986-02-15,Bay of Fundy,1.863
1986-02-15,Scotian Shelf,1.215
1986-02-15,Gulf of St. Lawrence,-0.454
1986-03-15,Bay of Fundy,1.132
1986-03-15,Scotian Shelf,1.296
1986-03-15,Gulf of St. Lawrence,-0.793
1986-04-15,Bay of Fundy,2.742
1986-04-15,Scotian Shelf,2.578
1986-04-15,Gulf of St. Lawrence,0.108
1986-05-15,Bay of Fundy,6.083
1986-05-15,Scotian Shelf,5.555
1986-05-15,Gulf of St. Lawrence,5.066
1986-06-15,Bay of Fundy,8.321
1986-06-15,Scotian Shelf,8.786
1986-06-15,Gulf of St. Lawrence,8.339
1986-08-15,Bay of Fundy,14.31
1986-08-15,Scotian Shelf,17.515
1986-08-15,Gulf of St. Lawrence,15.874
1986-09-15,Bay of Fundy,12.403
1986-09-15,Scotian Shelf,14.853
1986-09-15,Gulf of St. Lawrence,12.15
1986-10-15,Bay of Fundy,11.216
1986-10-15,Scotian Shelf,11.738
1986-10-15,Gulf of St. Lawrence,8.228
1986-11-15,Bay of Fundy,8.414
1986-11-15,Scotian Shelf,8.328
1986-11-15,Gulf of St. Lawrence,3.706
1986-12-15,Bay of Fundy,5.292
1986-12-15,Scotian Shelf,5.165
1986-12-15,Gulf of St. Lawrence,0.327
1987-01-15,Bay of Fundy,3.317
1987-01-15,Scotian Shelf,3.057
1987-01-15,Gulf of St. Lawrence,-0.19
1987-02-15,Bay of Fundy,1.531
1987-02-15,Scotian Shelf,1.412
1987-02-15,Gulf of St. Lawrence,-0.723
1987-03-15,Bay of Fundy,0.786
1987-03-15,Scotian Shelf,0.836
1987-03-15,Gulf of St. Lawrence,-0.596
1987-04-15,Bay of Fundy,1.564
1987-04-15,Scotian Shelf,2.974
1987-04-15,Gulf of St. Lawrence,0.566
1987-05-15,Bay of Fundy,3.853
1987-05-15,Scotian Shelf,4.961
1987-05-15,Gulf of St. Lawrence,3.632
1987-06-15,Bay of Fundy,8.199
1987-06-15,Scotian Shelf,8.841
1987-06-15,Gulf of St. Lawrence,9.586
1987-08-15,Bay of Fundy,14.295
1987-08-15,Scotian Shelf,17.321
1987-08-15,Gulf of St. Lawrence,16.947
1987-09-15,Bay of Fundy,13.271
1987-09-15,Scotian Shelf,16.134
1987-09-15,Gulf of St. Lawrence,13.254
1987-10-15,Bay of Fundy,10.839
1987-10-15,Scotian Shelf,12.682
1987-10-15,Gulf of St. Lawrence,8.8
1987-11-15,Bay of Fundy,8.27
1987-11-15,Scotian Shelf,8.736
1987-11-15,Gulf of St. Lawrence,3.704
1987-12-15,Bay of Fundy,5.769
1987-12-15,Scotian Shelf,5.347
1987-12-15,Gulf of St. Lawrence,1.575
1988-01-15,Bay of Fundy,2.388
1988-01-15,Scotian Shelf,2.578
1988-01-15,Gulf of St. Lawrence,-0.092
1988-02-15,Bay of Fundy,1.411
1988-02-15,Scotian Shelf,1.907
1988-02-15,Gulf of St. Lawrence,-0.732
1988-03-15,Bay of Fundy,1.623
1988-03-15,Scotian Shelf,1.496
1988-03-15,Gulf of St. Lawrence,-0.315
1988-04-15,Bay of Fundy,2.754
1988-04-15,Scotian Shelf,2.584
1988-04-15,Gulf of St. Lawrence,0.455
1988-05-15,Bay of Fundy,4.884
1988-05-15,Scotian Shelf,5.27
1988-05-15,Gulf of St. Lawrence,3.76
1988-06-15,Bay of Fundy,9.467
1988-06-15,Scotian Shelf,9.222
1988-06-15,Gulf of St. Lawrence,9.067
1988-08-15,Bay of Fundy,13.023
1988-08-15,Scotian Shelf,16.289
1988-08-15,Gulf of St. Lawrence,16.715
1988-09-15,Bay of Fundy,12.049
1988-09-15,Scotian Shelf,14.573
1988-09-15,Gulf of St. Lawrence,11.823
1988-10-15,Bay of Fundy,9.895
1988-10-15,Scotian Shelf,10.884
1988-10-15,Gulf of St. Lawrence,7.612
1988-11-15,Bay of Fundy,8.707
1988-11-15,Scotian Shelf,8.677
1988-11-15,Gulf of St. Lawrence,4.346
1988-12-15,Bay of Fundy,3.952
1988-12-15,Scotian Shelf,4.906
1988-12-15,Gulf of St. Lawrence,1.432
1989-01-15,Bay of Fundy,3.192
1989-01-15,Scotian Shelf,2.714
1989-01-15,Gulf of St. Lawrence,-0.07
1989-02-15,Bay of Fundy,2.309
1989-02-15,Scotian Shelf,1.551
1989-02-15,Gulf of St. Lawrence,-0.636
1989-03-15,Bay of Fundy,1.287
1989-03-15,Scotian Shelf,1.455
1989-03-15,Gulf of St. Lawrence,-0.126
1989-04-15,Bay of Fundy,2.081
1989-04-15,Scotian Shelf,2.528
1989-04-15,Gulf of St. Lawrence,0.742
1989-05-15,Bay of Fundy,4.442
1989-05-15,Scotian Shelf,5.577
1989-05-15,Gulf of St. Lawrence,3.739
1989-06-15,Bay of Fundy,9.305
1989-06-15,Scotian Shelf,9.702
1989-06-15,Gulf of St. Lawrence,9.828
1989-08-15,Bay of Fundy,15.469
1989-08-15,Scotian Shelf,18.481
1989-08-15,Gulf of St. Lawrence,16.915
1989-09-15,Bay of Fundy,14.01
1989-09-15,Scotian Shelf,16.174
1989-09-15,Gulf of St. Lawrence,12.485
1989-10-15,Bay of Fundy,10.646
1989-10-15,Scotian Shelf,11.618
1989-10-15,Gulf of St. Lawrence,6.94
1989-11-15,Bay of Fundy,9.103
1989-11-15,Scotian Shelf,9.863
1989-11-15,Gulf of St. Lawrence,4.375
1989-12-15,Bay of Fundy,4.251
1989-12-15,Scotian Shelf,4.246
1989-12-15,Gulf of St. Lawrence,0.129
1990-01-15,Bay of Fundy,2.097
1990-01-15,Scotian Shelf,1.956
1990-01-15,Gulf of St. Lawrence,-0.405
1990-02-15,Bay of Fundy,1.857
1990-02-15,Scotian Shelf,1.809
1990-02-15,Gulf of St. Lawrence,-0.619
1990-03-15,Bay of Fundy,1.882
1990-03-15,Scotian Shelf,1.343
1990-03-15,Gulf of St. Lawrence,-0.61
1990-04-15,Bay of Fundy,2.398
1990-04-15,Scotian Shelf,2.747
1990-04-15,Gulf of St. Lawrence,0.419
1990-05-15,Bay of Fundy,4.144
1990-05-15,Scotian Shelf,4.711
1990-05-15,Gulf of St. Lawrence,2.411
1990-06-15,Bay of Fundy,8.672
1990-06-15,Scotian Shelf,8.619
1990-06-15,Gulf of St. Lawrence,9.266
1990-08-15,Bay of Fundy,15.545
1990-08-15,Scotian Shelf,17.879
1990-08-15,Gulf of St. Lawrence,15.787
1990-09-15,Bay of Fundy,13.973
1990-09-15,Scotian Shelf,16.937
1990-09-15,Gulf of St. Lawrence,13.312
1990-10-15,Bay of Fundy,12.937
1990-10-15,Scotian Shelf,14.364
1990-10-15,Gulf of St. Lawrence,10.017
1990-11-15,Bay of Fundy,7.562
1990-11-15,Scotian Shelf,7.433
1990-11-15,Gulf of St. Lawrence,3.621
1990-12-15,Bay of Fundy,5.377
1990-12-15,Scotian Shelf,5.027
1990-12-15,Gulf of St. Lawrence,1.147
1991-01-15,Bay of Fundy,2.98
1991-01-15,Scotian Shelf,3.148
1991-01-15,Gulf of St. Lawrence,0.155
1991-02-15,Bay of Fundy,1.699
1991-02-15,Scotian Shelf,1.453
1991-02-15,Gulf of St. Lawrence,-0.62
1991-03-15,Bay of Fundy,1.855
1991-03-15,Scotian Shelf,1.895
1991-03-15,Gulf of St. Lawrence,-0.801
1991-04-15,Bay of Fundy,2.591
1991-04-15,Scotian Shelf,2.113
1991-04-15,Gulf of St. Lawrence,-0.106
1991-05-15,Bay of Fundy,4.904
1991-05-15,Scotian Shelf,5.036
1991-05-15,Gulf of St. Lawrence,3.599
1991-06-15,Bay of Fundy,9.107
1991-06-15,Scotian Shelf,8.042
1991-06-15,Gulf of St. Lawrence,7.665
1991-08-15,Bay of Fundy,14.387
1991-08-15,Scotian Shelf,16.822
1991-08-15,Gulf of St. Lawrence,16.432
1991-09-15,Bay of Fundy,12.486
1991-09-15,Scotian Shelf,14.557
1991-09-15,Gulf of St. Lawrence,12.454
1991-10-15,Bay of Fundy,11.039
1991-10-15,Scotian Shelf,12.875
1991-10-15,Gulf of St. Lawrence,9.031
1991-11-15,Bay of Fundy,8.673
1991-11-15,Scotian Shelf,9.161
1991-11-15,Gulf of St. Lawrence,5.578
1991-12-15,Bay of Fundy,5.983
1991-12-15,Scotian Shelf,5.887
1991-12-15,Gulf of St. Lawrence,2.284
1992-01-15,Bay of Fundy,2.377
1992-01-15,Scotian Shelf,3.305
1992-01-15,Gulf of St. Lawrence,-0.085
1992-02-15,Bay of Fundy,1.614
1992-02-15,Scotian Shelf,1.575
1992-02-15,Gulf of St. Lawrence,-0.948
1992-03-15,Bay of Fundy,1.046
1992-03-15,Scotian Shelf,1.027
1992-03-15,Gulf of St. Lawrence,-0.386
1992-04-15,Bay of Fundy,2.282
1992-04-15,Scotian Shelf,1.94
1992-04-15,Gulf of St. Lawrence,-0.424
1992-05-15,Bay of Fundy,3.571
1992-05-15,Scotian Shelf,4.727
1992-05-15,Gulf of St. Lawrence,3.28
1992-06-15,Bay of Fundy,7.303
1992-06-15,Scotian Shelf,9.495
1992-06-15,Gulf of St. Lawrence,9.252
1992-08-15,Bay of Fundy,13.699
1992-08-15,Scotian Shelf,16.582
1992-08-15,Gulf of St. Lawrence,14.891
1992-09-15,Bay of Fundy,12.719
1992-09-15,Scotian Shelf,16.46
1992-09-15,Gulf of St. Lawrence,13.87
1992-10-15,Bay of Fundy,10.416
1992-10-15,Scotian Shelf,12.625
1992-10-15,Gulf of St. Lawrence,8.555
1992-11-15,Bay of Fundy,8.517
1992-11-15,Scotian Shelf,9.213
1992-11-15,Gulf of St. Lawrence,4.482
1992-12-15,Bay of Fundy,5.515
1992-12-15,Scotian Shelf,5.765
1992-12-15,Gulf of St. Lawrence,1.084
1993-01-15,Bay of Fundy,3.322
1993-01-15,Scotian Shelf,3.1
1993-01-15,Gulf of St. Lawrence,0.319
1993-02-15,Bay of Fundy,2.215
1993-02-15,Scotian Shelf,2.237
1993-02-15,Gulf of St. Lawrence,-0.603
1993-03-15,Bay of Fundy,0.823
1993-03-15,Scotian Shelf,1.902
1993-03-15,Gulf of St. Lawrence,-0.893
1993-04-15,Bay of Fundy,1.099
1993-04-15,Scotian Shelf,2.611
1993-04-15,Gulf of St. Lawrence,0.021
1993-05-15,Bay of Fundy,3.967
1993-05-15,Scotian Shelf,5.244
1993-05-15,Gulf of St. Lawrence,3.533
1993-06-15,Bay of Fundy,7.785
1993-06-15,Scotian Shelf,8.965
1993-06-15,Gulf of St. Lawrence,8.929
1993-08-15,Bay of Fundy,14.774
1993-08-15,Scotian Shelf,17.103
1993-08-15,Gulf of St. Lawrence,17.1
1993-09-15,Bay of Fundy,13.218
1993-09-15,Scotian Shelf,16.519
1993-09-15,Gulf of St. Lawrence,12.87
1993-10-15,Bay of Fundy,10.538
1993-10-15,Scotian Shelf,12.467
1993-10-15,Gulf of St. Lawrence,7.692
1993-11-15,Bay of Fundy,8.713
1993-11-15,Scotian Shelf,9.053
1993-11-15,Gulf of St. Lawrence,3.822
1993-12-15,Bay of Fundy,5.976
1993-12-15,Scotian Shelf,6.94
1993-12-15,Gulf of St. Lawrence,1.586
1994-01-15,Bay of Fundy,3.006
1994-01-15,Scotian Shelf,3.234
1994-01-15,Gulf of St. Lawrence,0.077
1994-02-15,Bay of Fundy,1.734
1994-02-15,Scotian Shelf,1.532
1994-02-15,Gulf of St. Lawrence,-0.941
1994-03-15,Bay of Fundy,1.196
1994-03-15,Scotian Shelf,1.676
1994-03-15,Gulf of St. Lawrence,-0.155
1994-04-15,Bay of Fundy,1.452
1994-04-15,Scotian Shelf,2.556
1994-04-15,Gulf of St. Lawrence,0.141
1994-05-15,Bay of Fundy,4.226
1994-05-15,Scotian Shelf,4.408
1994-05-15,Gulf of St. Lawrence,2.663
1994-06-15,Bay of Fundy,9.615
1994-06-15,Scotian Shelf,10.292
1994-06-15,Gulf of St. Lawrence,8.426
1994-08-15,Bay of Fundy,14.404
1994-08-15,Scotian Shelf,18.486
1994-08-15,Gulf of St. Lawrence,14.603
1994-09-15,Bay of Fundy,13.12
1994-09-15,Scotian Shelf,15.352
1994-09-15,Gulf of St. Lawrence,12.459
1994-10-15,Bay of Fundy,11.318
1994-10-15,Scotian Shelf,11.959
1994-10-15,Gulf of St. Lawrence,8.575
1994-11-15,Bay of Fundy,9.147
1994-11-15,Scotian Shelf,8.176
1994-11-15,Gulf of St. Lawrence,4.77
1994-12-15,Bay of Fundy,6.251
1994-12-15,Scotian Shelf,5.23
1994-12-15,Gulf of St. Lawrence,1.471
1995-01-15,Bay of Fundy,1.96
1995-01-15,Scotian Shelf,2.961
1995-01-15,Gulf of St. Lawrence,-0.149
1995-02-15,Bay of Fundy,1.966
1995-02-15,Scotian Shelf,2.15
1995-02-15,Gulf of St. Lawrence,-0.455
1995-03-15,Bay of Fundy,1.259
1995-03-15,Scotian Shelf,1.868
1995-03-15,Gulf of St. Lawrence,-0.526
1995-04-15,Bay of Fundy,1.753
1995-04-15,Scotian Shelf,2.498
1995-04-15,Gulf of St. Lawrence,0.228
1995-05-15,Bay of Fundy,3.154
1995-05-15,Scotian Shelf,3.874
1995-05-15,Gulf of St. Lawrence,3.205
1995-06-15,Bay of Fundy,8.4
1995-06-15,Scotian Shelf,9.076
1995-06-15,Gulf of St. Lawrence,8.964
1995-08-15,Bay of Fundy,14.609
1995-08-15,Scotian Shelf,17.99
1995-08-15,Gulf of St. Lawrence,16.783
1995-09-15,Bay of Fundy,12.681
1995-09-15,Scotian Shelf,14.719
1995-09-15,Gulf of St. Lawrence,12.488
1995-10-15,Bay of Fundy,11.858
1995-10-15,Scotian Shelf,13.08
1995-10-15,Gulf of St. Lawrence,9.321
1995-11-15,Bay of Fundy,9.051
1995-11-15,Scotian Shelf,9.616
1995-11-15,Gulf of St. Lawrence,4.604
1995-12-15,Bay of Fundy,4.101
1995-12-15,Scotian Shelf,5.408
1995-12-15,Gulf of St. Lawrence,1.519
1996-01-15,Bay of Fundy,3.127
1996-01-15,Scotian Shelf,3.175
1996-01-15,Gulf of St. Lawrence,-0.269
1996-02-15,Bay of Fundy,1.364
1996-02-15,Scotian Shelf,1.912
1996-02-15,Gulf of St. Lawrence,-0.47
1996-03-15,Bay of Fundy,1.348
1996-03-15,Scotian Shelf,1.592
1996-03-15,Gulf of St. Lawrence,-0.183
1996-04-15,Bay of Fundy,2.166
1996-04-15,Scotian Shelf,2.393
1996-04-15,Gulf of St. Lawrence,0.063
1996-05-15,Bay of Fundy,4.133
1996-05-15,Scotian Shelf,4.607
1996-05-15,Gulf of St. Lawrence,2.982
1996-06-15,Bay of Fundy,8.687
1996-06-15,Scotian Shelf,10.134
1996-06-15,Gulf of St. Lawrence,10.382
1996-08-15,Bay of Fundy,14.498
1996-08-15,Scotian Shelf,17.598
1996-08-15,Gulf of St. Lawrence,16.708
1996-09-15,Bay of Fundy,12.949
1996-09-15,Scotian Shelf,15.172
1996-09-15,Gulf of St. Lawrence,14.083
1996-10-15,Bay of Fundy,10.872
1996-10-15,Scotian Shelf,11.427
1996-10-15,Gulf of St. Lawrence,8.459
1996-11-15,Bay of Fundy,8.201
1996-11-15,Scotian Shelf,8.625
1996-11-15,Gulf of St. Lawrence,5.116
1996-12-15,Bay of Fundy,5.802
1996-12-15,Scotian Shelf,5.545
1996-12-15,Gulf of St. Lawrence,2.004
1997-01-15,Bay of Fundy,3.401
1997-01-15,Scotian Shelf,3.532
1997-01-15,Gulf of St. Lawrence,0.06
1997-02-15,Bay of Fundy,2.348
1997-02-15,Scotian Shelf,2.522
1997-02-15,Gulf of St. Lawrence,-0.379
1997-03-15,Bay of Fundy,1.749
1997-03-15,Scotian Shelf,2.04
1997-03-15,Gulf of St. Lawrence,-0.279
1997-04-15,Bay of Fundy,2.408
1997-04-15,Scotian Shelf,2.223
1997-04-15,Gulf of St. Lawrence,-0.434
1997-05-15,Bay of Fundy,4.4
1997-05-15,Scotian Shelf,4.095
1997-05-15,Gulf of St. Lawrence,2.586
1997-06-15,Bay of Fundy,8.316
1997-06-15,Scotian Shelf,8.53
1997-06-15,Gulf of St. Lawrence,8.421
1997-08-15,Bay of Fundy,13.572
1997-08-15,Scotian Shelf,16.552
1997-08-15,Gulf of St. Lawrence,15.178
1997-09-15,Bay of Fundy,13.837
1997-09-15,Scotian Shelf,16.52
1997-09-15,Gulf of St. Lawrence,14.682
1997-10-15,Bay of Fundy,10.902
1997-10-15,Scotian Shelf,11.728
1997-10-15,Gulf of St. Lawrence,9.034
1997-11-15,Bay of Fundy,9.029
1997-11-15,Scotian Shelf,8.865
1997-11-15,Gulf of St. Lawrence,5.0
1997-12-15,Bay of Fundy,6.041
1997-12-15,Scotian Shelf,5.036
1997-12-15,Gulf of St. Lawrence,1.608
1998-01-15,Bay of Fundy,3.761
1998-01-15,Scotian Shelf,2.881
1998-01-15,Gulf of St. Lawrence,-0.827
1998-02-15,Bay of Fundy,1.983
1998-02-15,Scotian Shelf,1.81
1998-02-15,Gulf of St. Lawrence,-0.064
1998-03-15,Bay of Fundy,1.477
1998-03-15,Scotian Shelf,1.928
1998-03-15,Gulf of St. Lawrence,-0.775
1998-04-15,Bay of Fundy,3.132
1998-04-15,Scotian Shelf,3.192
1998-04-15,Gulf of St. Lawrence,0.798
1998-05-15,Bay of Fundy,5.651
1998-05-15,Scotian Shelf,5.779
1998-05-15,Gulf of St. Lawrence,6.11
1998-06-15,Bay of Fundy,9.044
1998-06-15,Scotian Shelf,10.409
1998-06-15,Gulf of St. Lawrence,10.622
1998-08-15,Bay of Fundy,14.474
1998-08-15,Scotian Shelf,17.941
1998-08-15,Gulf of St. Lawrence,15.31
1998-09-15,Bay of Fundy,12.796
1998-09-15,Scotian Shelf,15.794
1998-09-15,Gulf of St. Lawrence,13.961
1998-10-15,Bay of Fundy,9.337
1998-10-15,Scotian Shelf,12.145
1998-10-15,Gulf of St. Lawrence,8.921
1998-11-15,Bay of Fundy,7.71
1998-11-15,Scotian Shelf,8.776
1998-11-15,Gulf of St. Lawrence,3.94
1998-12-15,Bay of Fundy,5.575
1998-12-15,Scotian Shelf,5.472
1998-12-15,Gulf of St. Lawrence,1.362
1999-01-15,Bay of Fundy,2.087
1999-01-15,Scotian Shelf,2.295
1999-01-15,Gulf of St. Lawrence,-0.465
1999-02-15,Bay of Fundy,1.985
1999-02-15,Scotian Shelf,2.381
1999-02-15,Gulf of St. Lawrence,-0.261
1999-03-15,Bay of Fundy,1.155
1999-03-15,Scotian Shelf,2.503
1999-03-15,Gulf of St. Lawrence,-0.54
1999-04-15,Bay of Fundy,2.428
1999-04-15,Scotian Shelf,3.104
1999-04-15,Gulf of St. Lawrence,0.051
1999-05-15,Bay of Fundy,5.062
1999-05-15,Scotian Shelf,6.007
1999-05-15,Gulf of St. Lawrence,3.066
1999-06-15,Bay of Fundy,9.631
1999-06-15,Scotian Shelf,12.363
1999-06-15,Gulf of St. Lawrence,10.353
1999-08-15,Bay of Fundy,14.165
1999-08-15,Scotian Shelf,17.797
1999-08-15,Gulf of St. Lawrence,15.245
1999-09-15,Bay of Fundy,15.823
1999-09-15,Scotian Shelf,19.323
1999-09-15,Gulf of St. Lawrence,15.899
1999-10-15,Bay of Fundy,11.942
1999-10-15,Scotian Shelf,12.561
1999-10-15,Gulf of St. Lawrence,8.502
1999-11-15,Bay of Fundy,9.318
1999-11-15,Scotian Shelf,9.001
1999-11-15,Gulf of St. Lawrence,4.021
1999-12-15,Bay of Fundy,7.835
1999-12-15,Scotian Shelf,7.437
1999-12-15,Gulf of St. Lawrence,2.678
2000-01-15,Bay of Fundy,4.121
2000-01-15,Scotian Shelf,4.003
2000-01-15,Gulf of St. Lawrence,-0.197
2000-02-15,Bay of Fundy,2.674
2000-02-15,Scotian Shelf,2.584
2000-02-15,Gulf of St. Lawrence,-0.163
2000-03-15,Bay of Fundy,2.001
2000-03-15,Scotian Shelf,2.356
2000-03-15,Gulf of St. Lawrence,-0.706
2000-04-15,Bay of Fundy,3.522
2000-04-15,Scotian Shelf,3.544
2000-04-15,Gulf of St. Lawrence,0.388
2000-05-15,Bay of Fundy,5.614
2000-05-15,Scotian Shelf,6.245
2000-05-15,Gulf of St. Lawrence,4.451
2000-06-15,Bay of Fundy,10.021
2000-06-15,Scotian Shelf,9.761
2000-06-15,Gulf of St. Lawrence,8.853
2000-08-15,Bay of Fundy,15.9
2000-08-15,Scotian Shelf,18.318
2000-08-15,Gulf of St. Lawrence,17.217
2000-09-15,Bay of Fundy,14.213
2000-09-15,Scotian Shelf,16.82
2000-09-15,Gulf of St. Lawrence,13.94
2000-10-15,Bay of Fundy,11.693
2000-10-15,Scotian Shelf,13.384
2000-10-15,Gulf of St. Lawrence,8.507
2000-11-15,Bay of Fundy,10.22
2000-11-15,Scotian Shelf,10.746
2000-11-15,Gulf of St. Lawrence,5.286
2000-12-15,Bay of Fundy,6.514
2000-12-15,Scotian Shelf,5.846
2000-12-15,Gulf of St. Lawrence,2.116
2001-01-15,Bay of Fundy,3.222
2001-01-15,Scotian Shelf,3.214
2001-01-15,Gulf of St. Lawrence,0.148
2001-02-15,Bay of Fundy,2.329
2001-02-15,Scotian Shelf,2.329
2001-02-15,Gulf of St. Lawrence,-0.285
2001-03-15,Bay of Fundy,1.629
2001-03-15,Scotian Shelf,1.918
2001-03-15,Gulf of St. Lawrence,-0.96
2001-04-15,Bay of Fundy,1.627
2001-04-15,Scotian Shelf,2.193
2001-04-15,Gulf of St. Lawrence,0.41
2001-05-15,Bay of Fundy,3.53
2001-05-15,Scotian Shelf,4.62
2001-05-15,Gulf of St. Lawrence,3.846
2001-06-15,Bay of Fundy,10.027
2001-06-15,Scotian Shelf,10.556
2001-06-15,Gulf of St. Lawrence,10.716
2001-08-15,Bay of Fundy,14.977
2001-08-15,Scotian Shelf,18.422
2001-08-15,Gulf of St. Lawrence,16.984
2001-09-15,Bay of Fundy,13.226
2001-09-15,Scotian Shelf,16.262
2001-09-15,Gulf of St. Lawrence,13.705
2001-10-15,Bay of Fundy,12.016
2001-10-15,Scotian Shelf,14.523
2001-10-15,Gulf of St. Lawrence,10.252
2001-11-15,Bay of Fundy,9.118
2001-11-15,Scotian Shelf,9.566
2001-11-15,Gulf of St. Lawrence,4.777
2001-12-15,Bay of Fundy,7.158
2001-12-15,Scotian Shelf,7.156
2001-12-15,Gulf of St. Lawrence,2.365
2002-01-15,Bay of Fundy,2.704
2002-01-15,Scotian Shelf,3.908
2002-01-15,Gulf of St. Lawrence,-0.066
2002-02-15,Bay of Fundy,2.133
2002-02-15,Scotian Shelf,2.136
2002-02-15,Gulf of St. Lawrence,-0.174
2002-03-15,Bay of Fundy,2.402
2002-03-15,Scotian Shelf,1.918
2002-03-15,Gulf of St. Lawrence,-0.974
2002-04-15,Bay of Fundy,2.834
2002-04-15,Scotian Shelf,3.461
2002-04-15,Gulf of St. Lawrence,0.24
2002-05-15,Bay of Fundy,4.659
2002-05-15,Scotian Shelf,5.036
2002-05-15,Gulf of St. Lawrence,2.708
2002-06-15,Bay of Fundy,8.818
2002-06-15,Scotian Shelf,8.768
2002-06-15,Gulf of St. Lawrence,7.982
2002-08-15,Bay of Fundy,15.234
2002-08-15,Scotian Shelf,18.733
2002-08-15,Gulf of St. Lawrence,17.498
2002-09-15,Bay of Fundy,13.715
2002-09-15,Scotian Shelf,15.245
2002-09-15,Gulf of St. Lawrence,11.551
2002-10-15,Bay of Fundy,12.521
2002-10-15,Scotian Shelf,13.438
2002-10-15,Gulf of St. Lawrence,8.812
2002-11-15,Bay of Fundy,9.049
2002-11-15,Scotian Shelf,8.801
2002-11-15,Gulf of St. Lawrence,4.758
2002-12-15,Bay of Fundy,5.908
2002-12-15,Scotian Shelf,5.528
2002-12-15,Gulf of St. Lawrence,0.819
2003-01-15,Bay of Fundy,2.927
2003-01-15,Scotian Shelf,3.121
2003-01-15,Gulf of St. Lawrence,-0.503
2003-02-15,Bay of Fundy,1.714
2003-02-15,Scotian Shelf,1.58
2003-02-15,Gulf of St. Lawrence,-0.317
2003-03-15,Bay of Fundy,1.032
2003-03-15,Scotian Shelf,0.796
2003-03-15,Gulf of St. Lawrence,-0.451
2003-04-15,Bay of Fundy,1.949
2003-04-15,Scotian Shelf,1.546
2003-04-15,Gulf of St. Lawrence,-0.321
2003-05-15,Bay of Fundy,3.723
2003-05-15,Scotian Shelf,4.523
2003-05-15,Gulf of St. Lawrence,2.396
2003-06-15,Bay of Fundy,8.041
2003-06-15,Scotian Shelf,8.432
2003-06-15,Gulf of St. Lawrence,7.648
2003-08-15,Bay of Fundy,14.453
2003-08-15,Scotian Shelf,18.425
2003-08-15,Gulf of St. Lawrence,17.08
2003-09-15,Bay of Fundy,13.653
2003-09-15,Scotian Shelf,17.197
2003-09-15,Gulf of St. Lawrence,14.619
2003-10-15,Bay of Fundy,11.85
2003-10-15,Scotian Shelf,14.883
2003-10-15,Gulf of St. Lawrence,10.324
2003-11-15,Bay of Fundy,9.069
2003-11-15,Scotian Shelf,10.001
2003-11-15,Gulf of St. Lawrence,4.337
2003-12-15,Bay of Fundy,6.121
2003-12-15,Scotian Shelf,6.002
2003-12-15,Gulf of St. Lawrence,1.876
2004-01-15,Bay of Fundy,2.503
2004-01-15,Scotian Shelf,3.136
2004-01-15,Gulf of St. Lawrence,0.179
2004-02-15,Bay of Fundy,1.947
2004-02-15,Scotian Shelf,1.163
2004-02-15,Gulf of St. Lawrence,-0.407
2004-03-15,Bay of Fundy,1.092
2004-03-15,Scotian Shelf,1.197
2004-03-15,Gulf of St. Lawrence,-0.554
2004-04-15,Bay of Fundy,1.396
2004-04-15,Scotian Shelf,2.148
2004-04-15,Gulf of St. Lawrence,0.484
2004-05-15,Bay of Fundy,3.212
2004-05-15,Scotian Shelf,4.882
2004-05-15,Gulf of St. Lawrence,2.612
2004-06-15,Bay of Fundy,8.611
2004-06-15,Scotian Shelf,9.125
2004-06-15,Gulf of St. Lawrence,8.03
2004-08-15,Bay of Fundy,13.942
2004-08-15,Scotian Shelf,18.185
2004-08-15,Gulf of St. Lawrence,16.696
2004-09-15,Bay of Fundy,12.855
2004-09-15,Scotian Shelf,16.036
2004-09-15,Gulf of St. Lawrence,12.619
2004-10-15,Bay of Fundy,11.023
2004-10-15,Scotian Shelf,12.974
2004-10-15,Gulf of St. Lawrence,9.143
2004-11-15,Bay of Fundy,8.132
2004-11-15,Scotian Shelf,9.101
2004-11-15,Gulf of St. Lawrence,4.686
2004-12-15,Bay of Fundy,5.839
2004-12-15,Scotian Shelf,5.682
2004-12-15,Gulf of St. Lawrence,1.336
2005-01-15,Bay of Fundy,4.017
2005-01-15,Scotian Shelf,3.222
2005-01-15,Gulf of St. Lawrence,-0.193
2005-02-15,Bay of Fundy,1.692
2005-02-15,Scotian Shelf,2.398
2005-02-15,Gulf of St. Lawrence,-0.541
2005-03-15,Bay of Fundy,1.146
2005-03-15,Scotian Shelf,1.95
2005-03-15,Gulf of St. Lawrence,-0.164
2005-04-15,Bay of Fundy,2.775
2005-04-15,Scotian Shelf,2.624
2005-04-15,Gulf of St. Lawrence,0.266
2005-05-15,Bay of Fundy,4.816
2005-05-15,Scotian Shelf,4.584
2005-05-15,Gulf of St. Lawrence,2.781
2005-06-15,Bay of Fundy,8.137
2005-06-15,Scotian Shelf,9.114
2005-06-15,Gulf of St. Lawrence,8.689
2005-08-15,Bay of Fundy,14.239
2005-08-15,Scotian Shelf,17.962
2005-08-15,Gulf of St. Lawrence,16.213
2005-09-15,Bay of Fundy,14.783
2005-09-15,Scotian Shelf,17.439
2005-09-15,Gulf of St. Lawrence,14.566
2005-10-15,Bay of Fundy,12.958
2005-10-15,Scotian Shelf,15.083
2005-10-15,Gulf of St. Lawrence,10.2
2005-11-15,Bay of Fundy,9.371
2005-11-15,Scotian Shelf,9.633
2005-11-15,Gulf of St. Lawrence,5.432
2005-12-15,Bay of Fundy,6.544
2005-12-15,Scotian Shelf,6.06
2005-12-15,Gulf of St. Lawrence,2.377
2006-01-15,Bay of Fundy,4.553
2006-01-15,Scotian Shelf,4.787
2006-01-15,Gulf of St. Lawrence,-0.03
2006-02-15,Bay of Fundy,2.804
2006-02-15,Scotian Shelf,2.718
2006-02-15,Gulf of St. Lawrence,-0.57
2006-03-15,Bay of Fundy,2.749
2006-03-15,Scotian Shelf,2.44
2006-03-15,Gulf of St. Lawrence,-0.47
2006-04-15,Bay of Fundy,4.313
2006-04-15,Scotian Shelf,3.468
2006-04-15,Gulf of St. Lawrence,1.118
2006-05-15,Bay of Fundy,5.909
2006-05-15,Scotian Shelf,6.14
2006-05-15,Gulf of St. Lawrence,6.905
2006-06-15,Bay of Fundy,9.778
2006-06-15,Scotian Shelf,10.546
2006-06-15,Gulf of St. Lawrence,11.009
2006-08-15,Bay of Fundy,14.08
2006-08-15,Scotian Shelf,17.55
2006-08-15,Gulf of St. Lawrence,15.78
2006-09-15,Bay of Fundy,14.504
2006-09-15,Scotian Shelf,16.239
2006-09-15,Gulf of St. Lawrence,14.21
2006-10-15,Bay of Fundy,12.395
2006-10-15,Scotian Shelf,13.721
2006-10-15,Gulf of St. Lawrence,9.324
2006-11-15,Bay of Fundy,9.024
2006-11-15,Scotian Shelf,9.617
2006-11-15,Gulf of St. Lawrence,6.742
2006-12-15,Bay of Fundy,7.746
2006-12-15,Scotian Shelf,6.46
2006-12-15,Gulf of St. Lawrence,3.055
2007-01-15,Bay of Fundy,5.61
2007-01-15,Scotian Shelf,4.321
2007-01-15,Gulf of St. Lawrence,0.655
2007-02-15,Bay of Fundy,2.72
2007-02-15,Scotian Shelf,1.66
2007-02-15,Gulf of St. Lawrence,-0.197
2007-03-15,Bay of Fundy,2.052
2007-03-15,Scotian Shelf,0.779
2007-03-15,Gulf of St. Lawrence,0.05
2007-04-15,Bay of Fundy,2.655
2007-04-15,Scotian Shelf,1.707
2007-04-15,Gulf of St. Lawrence,0.307
2007-05-15,Bay of Fundy,5.831
2007-05-15,Scotian Shelf,5.034
2007-05-15,Gulf of St. Lawrence,4.414
2007-06-15,Bay of Fundy,7.916
2007-06-15,Scotian Shelf,9.636
2007-06-15,Gulf of St. Lawrence,10.439
2007-08-15,Bay of Fundy,13.141
2007-08-15,Scotian Shelf,16.729
2007-08-15,Gulf of St. Lawrence,15.626
2007-09-15,Bay of Fundy,13.052
2007-09-15,Scotian Shelf,15.821
2007-09-15,Gulf of St. Lawrence,11.803
2007-10-15,Bay of Fundy,11.241
2007-10-15,Scotian Shelf,13.355
2007-10-15,Gulf of St. Lawrence,9.046
2007-11-15,Bay of Fundy,8.928
2007-11-15,Scotian Shelf,9.844
2007-11-15,Gulf of St. Lawrence,5.158
2007-12-15,Bay of Fundy,5.819
2007-12-15,Scotian Shelf,5.447
2007-12-15,Gulf of St. Lawrence,1.405
2008-01-15,Bay of Fundy,3.518
2008-01-15,Scotian Shelf,3.133
2008-01-15,Gulf of St. Lawrence,0.039
2008-02-15,Bay of Fundy,2.258
2008-02-15,Scotian Shelf,2.449
2008-02-15,Gulf of St. Lawrence,-0.302
2008-03-15,Bay of Fundy,2.023
2008-03-15,Scotian Shelf,2.082
2008-03-15,Gulf of St. Lawrence,-0.354
2008-04-15,Bay of Fundy,3.352
2008-04-15,Scotian Shelf,2.227
2008-04-15,Gulf of St. Lawrence,-0.131
2008-05-15,Bay of Fundy,6.423
2008-05-15,Scotian Shelf,4.845
2008-05-15,Gulf of St. Lawrence,5.547
2008-06-15,Bay of Fundy,9.309
2008-06-15,Scotian Shelf,8.253
2008-06-15,Gulf of St. Lawrence,8.926
2008-08-15,Bay of Fundy,14.655
2008-08-15,Scotian Shelf,16.439
2008-08-15,Gulf of St. Lawrence,17.557
2008-09-15,Bay of Fundy,13.458
2008-09-15,Scotian Shelf,15.872
2008-09-15,Gulf of St. Lawrence,14.148
2008-10-15,Bay of Fundy,11.985
2008-10-15,Scotian Shelf,13.343
2008-10-15,Gulf of St. Lawrence,9.715
2008-11-15,Bay of Fundy,9.484
2008-11-15,Scotian Shelf,9.561
2008-11-15,Gulf of St. Lawrence,6.032
2008-12-15,Bay of Fundy,6.689
2008-12-15,Scotian Shelf,6.499
2008-12-15,Gulf of St. Lawrence,2.256
2009-01-15,Bay of Fundy,3.701
2009-01-15,Scotian Shelf,3.235
2009-01-15,Gulf of St. Lawrence,-0.641
2009-02-15,Bay of Fundy,1.847
2009-02-15,Scotian Shelf,1.8
2009-02-15,Gulf of St. Lawrence,-0.408
2009-03-15,Bay of Fundy,1.801
2009-03-15,Scotian Shelf,1.264
2009-03-15,Gulf of St. Lawrence,-0.885
2009-04-15,Bay of Fundy,3.265
2009-04-15,Scotian Shelf,2.537
2009-04-15,Gulf of St. Lawrence,-0.029
2009-05-15,Bay of Fundy,6.201
2009-05-15,Scotian Shelf,5.647
2009-05-15,Gulf of St. Lawrence,4.4
2009-06-15,Bay of Fundy,10.275
2009-06-15,Scotian Shelf,10.567
2009-06-15,Gulf of St. Lawrence,9.972
2009-08-15,Bay of Fundy,15.976
2009-08-15,Scotian Shelf,18.812
2009-08-15,Gulf of St. Lawrence,18.275
2009-09-15,Bay of Fundy,13.386
2009-09-15,Scotian Shelf,15.519
2009-09-15,Gulf of St. Lawrence,12.708
2009-10-15,Bay of Fundy,11.04
2009-10-15,Scotian Shelf,12.623
2009-10-15,Gulf of St. Lawrence,9.007
2009-11-15,Bay of Fundy,9.725
2009-11-15,Scotian Shelf,8.789
2009-11-15,Gulf of St. Lawrence,5.643
2009-12-15,Bay of Fundy,6.971
2009-12-15,Scotian Shelf,6.294
2009-12-15,Gulf of St. Lawrence,2.375
2010-01-15,Bay of Fundy,4.17
2010-01-15,Scotian Shelf,4.032
2010-01-15,Gulf of St. Lawrence,0.664
2010-02-15,Bay of Fundy,2.719
2010-02-15,Scotian Shelf,1.694
2010-02-15,Gulf of St. Lawrence,-0.568
2010-03-15,Bay of Fundy,2.844
2010-03-15,Scotian Shelf,2.602
2010-03-15,Gulf of St. Lawrence,0.203
2010-04-15,Bay of Fundy,4.367
2010-04-15,Scotian Shelf,3.932
2010-04-15,Gulf of St. Lawrence,1.639
2010-05-15,Bay of Fundy,6.809
2010-05-15,Scotian Shelf,6.201
2010-05-15,Gulf of St. Lawrence,4.497
2010-06-15,Bay of Fundy,10.049
2010-06-15,Scotian Shelf,9.855
2010-06-15,Gulf of St. Lawrence,9.502
2010-08-15,Bay of Fundy,15.435
2010-08-15,Scotian Shelf,18.768
2010-08-15,Gulf of St. Lawrence,17.828
2010-09-15,Bay of Fundy,13.871
2010-09-15,Scotian Shelf,16.575
2010-09-15,Gulf of St. Lawrence,13.235
2010-10-15,Bay of Fundy,12.438
2010-10-15,Scotian Shelf,13.259
2010-10-15,Gulf of St. Lawrence,9.716
2010-11-15,Bay of Fundy,9.954
2010-11-15,Scotian Shelf,10.591
2010-11-15,Gulf of St. Lawrence,6.383
2010-12-15,Bay of Fundy,7.313
2010-12-15,Scotian Shelf,7.643
2010-12-15,Gulf of St. Lawrence,4.107
2011-01-15,Bay of Fundy,4.878
2011-01-15,Scotian Shelf,4.852
2011-01-15,Gulf of St. Lawrence,1.891
2011-02-15,Bay of Fundy,3.402
2011-02-15,Scotian Shelf,2.629
2011-02-15,Gulf of St. Lawrence,-0.035
2011-03-15,Bay of Fundy,2.941
2011-03-15,Scotian Shelf,2.003
2011-03-15,Gulf of St. Lawrence,-0.424
2011-04-15,Bay of Fundy,3.823
2011-04-15,Scotian Shelf,2.778
2011-04-15,Gulf of St. Lawrence,0.606
2011-05-15,Bay of Fundy,5.574
2011-05-15,Scotian Shelf,5.724
2011-05-15,Gulf of St. Lawrence,3.322
2011-06-15,Bay of Fundy,9.462
2011-06-15,Scotian Shelf,9.719
2011-06-15,Gulf of St. Lawrence,10.134
2011-08-15,Bay of Fundy,14.011
2011-08-15,Scotian Shelf,16.188
2011-08-15,Gulf of St. Lawrence,16.331
2011-09-15,Bay of Fundy,14.459
2011-09-15,Scotian Shelf,16.885
2011-09-15,Gulf of St. Lawrence,13.908
2011-10-15,Bay of Fundy,12.479
2011-10-15,Scotian Shelf,13.344
2011-10-15,Gulf of St. Lawrence,10.456
2011-11-15,Bay of Fundy,10.334
2011-11-15,Scotian Shelf,10.341
2011-11-15,Gulf of St. Lawrence,6.785
2011-12-15,Bay of Fundy,7.967
2011-12-15,Scotian Shelf,7.464
2011-12-15,Gulf of St. Lawrence,3.46
2012-01-15,Bay of Fundy,5.2
2012-01-15,Scotian Shelf,5.204
2012-01-15,Gulf of St. Lawrence,0.51
2012-02-15,Bay of Fundy,3.667
2012-02-15,Scotian Shelf,3.354
2012-02-15,Gulf of St. Lawrence,-0.121
2012-03-15,Bay of Fundy,3.764
2012-03-15,Scotian Shelf,3.223
2012-03-15,Gulf of St. Lawrence,-0.065
2012-04-15,Bay of Fundy,5.119
2012-04-15,Scotian Shelf,4.488
2012-04-15,Gulf of St. Lawrence,1.555
2012-05-15,Bay of Fundy,7.569
2012-05-15,Scotian Shelf,7.347
2012-05-15,Gulf of St. Lawrence,5.47
2012-06-15,Bay of Fundy,10.729
2012-06-15,Scotian Shelf,11.578
2012-06-15,Gulf of St. Lawrence,11.033
2012-08-15,Bay of Fundy,16.867
2012-08-15,Scotian Shelf,20.439
2012-08-15,Gulf of St. Lawrence,18.588
2012-09-15,Bay of Fundy,15.531
2012-09-15,Scotian Shelf,18.247
2012-09-15,Gulf of St. Lawrence,15.957
2012-10-15,Bay of Fundy,13.037
2012-10-15,Scotian Shelf,14.511
2012-10-15,Gulf of St. Lawrence,8.965
2012-11-15,Bay of Fundy,11.359
2012-11-15,Scotian Shelf,12.048
2012-11-15,Gulf of St. Lawrence,6.796
2012-12-15,Bay of Fundy,8.564
2012-12-15,Scotian Shelf,8.037
2012-12-15,Gulf of St. Lawrence,2.807
2013-01-15,Bay of Fundy,5.849
2013-01-15,Scotian Shelf,4.857
2013-01-15,Gulf of St. Lawrence,1.055
2013-02-15,Bay of Fundy,3.467
2013-02-15,Scotian Shelf,2.907
2013-02-15,Gulf of St. Lawrence,-0.483
2013-03-15,Bay of Fundy,3.18
2013-03-15,Scotian Shelf,2.975
2013-03-15,Gulf of St. Lawrence,-0.101
2013-04-15,Bay of Fundy,3.494
2013-04-15,Scotian Shelf,3.499
2013-04-15,Gulf of St. Lawrence,0.992
2013-05-15,Bay of Fundy,7.142
2013-05-15,Scotian Shelf,7.152
2013-05-15,Gulf of St. Lawrence,5.446
2013-06-15,Bay of Fundy,9.721
2013-06-15,Scotian Shelf,10.52
2013-06-15,Gulf of St. Lawrence,9.61
2013-08-15,Bay of Fundy,13.956
2013-08-15,Scotian Shelf,17.903
2013-08-15,Gulf of St. Lawrence,15.568
2013-09-15,Bay of Fundy,14.332
2013-09-15,Scotian Shelf,17.43
2013-09-15,Gulf of St. Lawrence,13.471
2013-10-15,Bay of Fundy,12.823
2013-10-15,Scotian Shelf,14.735
2013-10-15,Gulf of St. Lawrence,10.556
2013-11-15,Bay of Fundy,9.946
2013-11-15,Scotian Shelf,10.436
2013-11-15,Gulf of St. Lawrence,5.539
2013-12-15,Bay of Fundy,6.268
2013-12-15,Scotian Shelf,6.092
2013-12-15,Gulf of St. Lawrence,1.884
2014-01-15,Bay of Fundy,4.43
2014-01-15,Scotian Shelf,3.859
2014-01-15,Gulf of St. Lawrence,0.103
2014-02-15,Bay of Fundy,2.947
2014-02-15,Scotian Shelf,2.678
2014-02-15,Gulf of St. Lawrence,-0.467
2014-03-15,Bay of Fundy,2.632
2014-03-15,Scotian Shelf,2.39
2014-03-15,Gulf of St. Lawrence,-0.506
2014-04-15,Bay of Fundy,3.113
2014-04-15,Scotian Shelf,3.317
2014-04-15,Gulf of St. Lawrence,0.169
2014-05-15,Bay of Fundy,6.651
2014-05-15,Scotian Shelf,5.964
2014-05-15,Gulf of St. Lawrence,4.428
2014-06-15,Bay of Fundy,9.558
2014-06-15,Scotian Shelf,10.151
2014-06-15,Gulf of St. Lawrence,9.79
2014-08-15,Bay of Fundy,14.441
2014-08-15,Scotian Shelf,19.468
2014-08-15,Gulf of St. Lawrence,18.05
2014-09-15,Bay of Fundy,14.102
2014-09-15,Scotian Shelf,17.674
2014-09-15,Gulf of St. Lawrence,13.779
2014-10-15,Bay of Fundy,13.415
2014-10-15,Scotian Shelf,15.29
2014-10-15,Gulf of St. Lawrence,9.929
2014-11-15,Bay of Fundy,10.559
2014-11-15,Scotian Shelf,10.9
2014-11-15,Gulf of St. Lawrence,5.426
2014-12-15,Bay of Fundy,7.924
2014-12-15,Scotian Shelf,7.831
2014-12-15,Gulf of St. Lawrence,2.589
2015-01-15,Bay of Fundy,5.597
2015-01-15,Scotian Shelf,4.878
2015-01-15,Gulf of St. Lawrence,0.341
2015-02-15,Bay of Fundy,2.486
2015-02-15,Scotian Shelf,3.2
2015-02-15,Gulf of St. Lawrence,-0.612
2015-03-15,Bay of Fundy,1.311
2015-03-15,Scotian Shelf,2.112
2015-03-15,Gulf of St. Lawrence,-0.502
2015-04-15,Bay of Fundy,2.724
2015-04-15,Scotian Shelf,2.665
2015-04-15,Gulf of St. Lawrence,0.251
2015-05-15,Bay of Fundy,6.184
2015-05-15,Scotian Shelf,6.355
2015-05-15,Gulf of St. Lawrence,3.994
2015-06-15,Bay of Fundy,9.141
2015-06-15,Scotian Shelf,9.888
2015-06-15,Gulf of St. Lawrence,9.069
2015-08-15,Bay of Fundy,14.621
2015-08-15,Scotian Shelf,17.978
2015-08-15,Gulf of St. Lawrence,17.597
2015-09-15,Bay of Fundy,14.512
2015-09-15,Scotian Shelf,18.308
2015-09-15,Gulf of St. Lawrence,14.932
2015-10-15,Bay of Fundy,13.158
2015-10-15,Scotian Shelf,15.495
2015-10-15,Gulf of St. Lawrence,10.559
2015-11-15,Bay of Fundy,10.595
2015-11-15,Scotian Shelf,10.853
2015-11-15,Gulf of St. Lawrence,5.802
2015-12-15,Bay of Fundy,8.295
2015-12-15,Scotian Shelf,8.188
2015-12-15,Gulf of St. Lawrence,3.695
2016-01-15,Bay of Fundy,5.517
2016-01-15,Scotian Shelf,5.754
2016-01-15,Gulf of St. Lawrence,0.491
2016-02-15,Bay of Fundy,3.482
2016-02-15,Scotian Shelf,3.191
2016-02-15,Gulf of St. Lawrence,-0.957
2016-03-15,Bay of Fundy,3.45
2016-03-15,Scotian Shelf,4.038
2016-03-15,Gulf of St. Lawrence,-0.969
2016-04-15,Bay of Fundy,4.332
2016-04-15,Scotian Shelf,3.94
2016-04-15,Gulf of St. Lawrence,-0.344
2016-05-15,Bay of Fundy,7.107
2016-05-15,Scotian Shelf,6.439
2016-05-15,Gulf of St. Lawrence,4.914
2016-06-15,Bay of Fundy,10.205
2016-06-15,Scotian Shelf,10.408
2016-06-15,Gulf of St. Lawrence,8.913
2016-08-15,Bay of Fundy,15.559
2016-08-15,Scotian Shelf,19.535
2016-08-15,Gulf of St. Lawrence,16.925
2016-09-15,Bay of Fundy,15.305
2016-09-15,Scotian Shelf,17.985
2016-09-15,Gulf of St. Lawrence,13.691
2016-10-15,Bay of Fundy,13.164
2016-10-15,Scotian Shelf,14.264
2016-10-15,Gulf of St. Lawrence,9.926
2016-11-15,Bay of Fundy,11.017
2016-11-15,Scotian Shelf,11.307
2016-11-15,Gulf of St. Lawrence,6.846
2016-12-15,Bay of Fundy,7.972
2016-12-15,Scotian Shelf,7.19
2016-12-15,Gulf of St. Lawrence,3.108
2017-01-15,Bay of Fundy,5.709
2017-01-15,Scotian Shelf,4.572
2017-01-15,Gulf of St. Lawrence,0.386
2017-02-15,Bay of Fundy,2.719
2017-02-15,Scotian Shelf,2.433
2017-02-15,Gulf of St. Lawrence,-0.374
2017-03-15,Bay of Fundy,2.327
2017-03-15,Scotian Shelf,1.843
2017-03-15,Gulf of St. Lawrence,-1.055
2017-04-15,Bay of Fundy,3.567
2017-04-15,Scotian Shelf,3.282
2017-04-15,Gulf of St. Lawrence,0.934
2017-05-15,Bay of Fundy,5.768
2017-05-15,Scotian Shelf,6.015
2017-05-15,Gulf of St. Lawrence,4.723
2017-06-15,Bay of Fundy,9.489
2017-06-15,Scotian Shelf,9.07
2017-06-15,Gulf of St. Lawrence,9.364
2017-08-15,Bay of Fundy,14.807
2017-08-15,Scotian Shelf,18.444
2017-08-15,Gulf of St. Lawrence,16.459
2017-09-15,Bay of Fundy,14.874
2017-09-15,Scotian Shelf,17.525
2017-09-15,Gulf of St. Lawrence,14.87
2017-10-15,Bay of Fundy,13.796
2017-10-15,Scotian Shelf,14.926
2017-10-15,Gulf of St. Lawrence,10.685
2017-11-15,Bay of Fundy,11.235
2017-11-15,Scotian Shelf,11.952
2017-11-15,Gulf of St. Lawrence,5.462
2017-12-15,Bay of Fundy,8.569
2017-12-15,Scotian Shelf,8.438
2017-12-15,Gulf of St. Lawrence,2.458
2018-01-15,Bay of Fundy,5.274
2018-01-15,Scotian Shelf,4.433
2018-01-15,Gulf of St. Lawrence,-0.213
2018-02-15,Bay of Fundy,3.584
2018-02-15,Scotian Shelf,3.346
2018-02-15,Gulf of St. Lawrence,-1.269
2018-03-15,Bay of Fundy,3.261
2018-03-15,Scotian Shelf,3.968
2018-03-15,Gulf of St. Lawrence,-1.245
2018-04-15,Bay of Fundy,3.562
2018-04-15,Scotian Shelf,3.948
2018-04-15,Gulf of St. Lawrence,-0.267
2018-05-15,Bay of Fundy,7.675
2018-05-15,Scotian Shelf,8.174
2018-05-15,Gulf of St. Lawrence,3.617
2018-06-15,Bay of Fundy,9.866
2018-06-15,Scotian Shelf,10.134
2018-06-15,Gulf of St. Lawrence,7.813
2018-08-15,Bay of Fundy,16.242
2018-08-15,Scotian Shelf,20.214
2018-08-15,Gulf of St. Lawrence,17.872
2018-09-15,Bay of Fundy,16.328
2018-09-15,Scotian Shelf,18.938
2018-09-15,Gulf of St. Lawrence,15.291
2018-10-15,Bay of Fundy,13.032
2018-10-15,Scotian Shelf,14.611
2018-10-15,Gulf of St. Lawrence,9.047
2018-11-15,Bay of Fundy,9.067
2018-11-15,Scotian Shelf,9.551
2018-11-15,Gulf of St. Lawrence,4.55
2018-12-15,Bay of Fundy,6.027
2018-12-15,Scotian Shelf,5.415
2018-12-15,Gulf of St. Lawrence,1.578
2019-01-15,Bay of Fundy,3.784
2019-01-15,Scotian Shelf,3.072
2019-01-15,Gulf of St. Lawrence,-0.585
2019-02-15,Bay of Fundy,2.001
2019-02-15,Scotian Shelf,1.913
2019-02-15,Gulf of St. Lawrence,-1.463
2019-03-15,Bay of Fundy,1.369
2019-03-15,Scotian Shelf,1.541
2019-03-15,Gulf of St. Lawrence,-1.475
2019-04-15,Bay of Fundy,3.407
2019-04-15,Scotian Shelf,2.632
2019-04-15,Gulf of St. Lawrence,0.272
2019-05-15,Bay of Fundy,5.906
2019-05-15,Scotian Shelf,5.547
2019-05-15,Gulf of St. Lawrence,4.258
2019-06-15,Bay of Fundy,9.546
2019-06-15,Scotian Shelf,9.121
2019-06-15,Gulf of St. Lawrence,9.228
2019-08-15,Bay of Fundy,14.777
2019-08-15,Scotian Shelf,18.487
2019-08-15,Gulf of St. Lawrence,17.364
2019-09-15,Bay of Fundy,13.381
2019-09-15,Scotian Shelf,14.336
2019-09-15,Gulf of St. Lawrence,11.518
2019-10-15,Bay of Fundy,12.451
2019-10-15,Scotian Shelf,12.983
2019-10-15,Gulf of St. Lawrence,10.065
2019-11-15,Bay of Fundy,10.068
2019-11-15,Scotian Shelf,10.235
2019-11-15,Gulf of St. Lawrence,5.104
2019-12-15,Bay of Fundy,7.289
2019-12-15,Scotian Shelf,6.668
2019-12-15,Gulf of St. Lawrence,1.752
2020-01-15,Bay of Fundy,5.023
2020-01-15,Scotian Shelf,3.738
2020-01-15,Gulf of St. Lawrence,-0.417
2020-02-15,Bay of Fundy,3.604
2020-02-15,Scotian Shelf,2.394
2020-02-15,Gulf of St. Lawrence,-1.305
2020-03-15,Bay of Fundy,2.948
2020-03-15,Scotian Shelf,1.979
2020-03-15,Gulf of St. Lawrence,-1.432
2020-04-15,Bay of Fundy,4.052
2020-04-15,Scotian Shelf,3.61
2020-04-15,Gulf of St. Lawrence,0.512
2020-05-15,Bay of Fundy,6.177
2020-05-15,Scotian Shelf,5.107
2020-05-15,Gulf of St. Lawrence,2.762
2020-06-15,Bay of Fundy,9.322
2020-06-15,Scotian Shelf,9.967
2020-06-15,Gulf of St. Lawrence,9.518
2020-08-15,Bay of Fundy,16.713
2020-08-15,Scotian Shelf,19.966
2020-08-15,Gulf of St. Lawrence,18.768
2020-09-15,Bay of Fundy,15.043
2020-09-15,Scotian Shelf,17.624
2020-09-15,Gulf of St. Lawrence,13.271
2020-10-15,Bay of Fundy,12.282
2020-10-15,Scotian Shelf,13.578
2020-10-15,Gulf of St. Lawrence,8.675
2020-11-15,Bay of Fundy,10.586
2020-11-15,Scotian Shelf,11.233
2020-11-15,Gulf of St. Lawrence,6.01
2020-12-15,Bay of Fundy,7.982
2020-12-15,Scotian Shelf,8.525
2020-12-15,Gulf of St. Lawrence,2.915
2021-01-15,Bay of Fundy,5.856
2021-01-15,Scotian Shelf,6.318
2021-01-15,Gulf of St. Lawrence,0.799
2021-02-15,Bay of Fundy,3.904
2021-02-15,Scotian Shelf,4.094
2021-02-15,Gulf of St. Lawrence,-0.324
2021-03-15,Bay of Fundy,3.141
2021-03-15,Scotian Shelf,2.675
2021-03-15,Gulf of St. Lawrence,-0.609
2021-04-15,Bay of Fundy,4.541
2021-04-15,Scotian Shelf,3.6
2021-04-15,Gulf of St. Lawrence,1.236
2021-05-15,Bay of Fundy,7.584
2021-05-15,Scotian Shelf,7.001
2021-05-15,Gulf of St. Lawrence,5.129
2021-06-15,Bay of Fundy,11.18
2021-06-15,Scotian Shelf,10.732
2021-06-15,Gulf of St. Lawrence,9.196
2021-08-15,Bay of Fundy,17.03
2021-08-15,Scotian Shelf,19.809
2021-08-15,Gulf of St. Lawrence,18.812
2021-09-15,Bay of Fundy,14.766
2021-09-15,Scotian Shelf,17.275
2021-09-15,Gulf of St. Lawrence,13.538
2021-10-15,Bay of Fundy,14.177
2021-10-15,Scotian Shelf,15.25
2021-10-15,Gulf of St. Lawrence,11.892
2021-11-15,Bay of Fundy,11.439
2021-11-15,Scotian Shelf,11.179
2021-11-15,Gulf of St. Lawrence,7.408
2021-12-15,Bay of Fundy,8.168
2021-12-15,Scotian Shelf,7.892
2021-12-15,Gulf of St. Lawrence,3.457
2022-01-15,Bay of Fundy,5.08
2022-01-15,Scotian Shelf,4.585
2022-01-15,Gulf of St. Lawrence,0.693
2022-02-15,Bay of Fundy,2.893
2022-02-15,Scotian Shelf,3.297
2022-02-15,Gulf of St. Lawrence,-1.055
2022-03-15,Bay of Fundy,2.797
2022-03-15,Scotian Shelf,2.683
2022-03-15,Gulf of St. Lawrence,-1.182
2022-04-15,Bay of Fundy,4.455
2022-04-15,Scotian Shelf,3.36
2022-04-15,Gulf of St. Lawrence,1.419
2022-05-15,Bay of Fundy,7.727
2022-05-15,Scotian Shelf,6.526
2022-05-15,Gulf of St. Lawrence,5.073
2022-06-15,Bay of Fundy,11.448
2022-06-15,Scotian Shelf,11.008
2022-06-15,Gulf of St. Lawrence,10.565
2022-08-15,Bay of Fundy,16.202
2022-08-15,Scotian Shelf,19.547
2022-08-15,Gulf of St. Lawrence,18.256
2022-09-15,Bay of Fundy,15.877
2022-09-15,Scotian Shelf,19.261
2022-09-15,Gulf of St. Lawrence,17.671
2022-10-15,Bay of Fundy,13.105
2022-10-15,Scotian Shelf,14.231
2022-10-15,Gulf of St. Lawrence,9.354
2022-11-15,Bay of Fundy,11.281
2022-11-15,Scotian Shelf,11.406
2022-11-15,Gulf of St. Lawrence,6.33
2022-12-15,Bay of Fundy,7.941
2022-12-15,Scotian Shelf,8.511
2022-12-15,Gulf of St. Lawrence,2.878
2023-01-15,Bay of Fundy,5.861
2023-01-15,Scotian Shelf,5.656
2023-01-15,Gulf of St. Lawrence,0.443
2023-02-15,Bay of Fundy,4.358
2023-02-15,Scotian Shelf,4.382
2023-02-15,Gulf of St. Lawrence,-0.1
2023-03-15,Bay of Fundy,3.538
2023-03-15,Scotian Shelf,3.609
2023-03-15,Gulf of St. Lawrence,-0.072
2023-04-15,Bay of Fundy,5.251
2023-04-15,Scotian Shelf,3.814
2023-04-15,Gulf of St. Lawrence,1.259
2023-05-15,Bay of Fundy,7.224
2023-05-15,Scotian Shelf,5.975
2023-05-15,Gulf of St. Lawrence,4.821
2023-06-15,Bay of Fundy,9.959
2023-06-15,Scotian Shelf,9.794
2023-06-15,Gulf of St. Lawrence,8.569
2023-08-15,Bay of Fundy,14.865
2023-08-15,Scotian Shelf,17.92
2023-08-15,Gulf of St. Lawrence,16.212
2023-09-15,Bay of Fundy,15.313
2023-09-15,Scotian Shelf,18.793
2023-09-15,Gulf of St. Lawrence,16.734
2023-10-15,Bay of Fundy,13.162
2023-10-15,Scotian Shelf,15.456
2023-10-15,Gulf of St. Lawrence,12.71
2023-11-15,Bay of Fundy,9.812
2023-11-15,Scotian Shelf,10.438
2023-11-15,Gulf of St. Lawrence,6.713
2023-12-15,Bay of Fundy,6.672
2023-12-15,Scotian Shelf,6.526
2023-12-15,Gulf of St. Lawrence,2.941
2024-01-15,Bay of Fundy,3.938
2024-01-15,Scotian Shelf,4.023
2024-01-15,Gulf of St. Lawrence,0.856
2024-02-15,Bay of Fundy,2.691
2024-02-15,Scotian Shelf,2.625
2024-02-15,Gulf of St. Lawrence,-0.262
2024-03-15,Bay of Fundy,3.204
2024-03-15,Scotian Shelf,2.097
2024-03-15,Gulf of St. Lawrence,-0.057
2024-04-15,Bay of Fundy,5.095
2024-04-15,Scotian Shelf,3.617
2024-04-15,Gulf of St. Lawrence,1.905
2024-05-15,Bay of Fundy,7.081
2024-05-15,Scotian Shelf,5.65
2024-05-15,Gulf of St. Lawrence,5.798
2024-06-15,Bay of Fundy,10.734
2024-06-15,Scotian Shelf,11.157
2024-06-15,Gulf of St. Lawrence,11.105
2024-08-15,Bay of Fundy,15.172
2024-08-15,Scotian Shelf,18.631
2024-08-15,Gulf of St. Lawrence,16.542
2024-09-15,Bay of Fundy,15.064
2024-09-15,Scotian Shelf,17.878
2024-09-15,Gulf of St. Lawrence,14.778
2024-10-15,Bay of Fundy,12.998
2024-10-15,Scotian Shelf,14.521
2024-10-15,Gulf of St. Lawrence,11.273
2024-11-15,Bay of Fundy,9.313
2024-11-15,Scotian Shelf,9.426
2024-11-15,Gulf of St. Lawrence,5.845
2024-12-15,Bay of Fundy,6.712
2024-12-15,Scotian Shelf,6.661
2024-12-15,Gulf of St. Lawrence,3.32
2025-01-15,Bay of Fundy,4.589
2025-01-15,Scotian Shelf,4.584
2025-01-15,Gulf of St. Lawrence,1.253
2025-02-15,Bay of Fundy,2.488
2025-02-15,Scotian Shelf,2.48
2025-02-15,Gulf of St. Lawrence,-0.842
2025-03-15,Bay of Fundy,2.07
2025-03-15,Scotian Shelf,1.459
2025-03-15,Gulf of St. Lawrence,-0.737
2025-04-15,Bay of Fundy,3.182
2025-04-15,Scotian Shelf,2.942
2025-04-15,Gulf of St. Lawrence,0.976
2025-05-15,Bay of Fundy,6.313
2025-05-15,Scotian Shelf,5.938
2025-05-15,Gulf of St. Lawrence,4.054
2025-06-15,Bay of Fundy,9.783
2025-06-15,Scotian Shelf,10.34
2025-06-15,Gulf of St. Lawrence,9.822
2025-08-15,Bay of Fundy,15.812
2025-08-15,Scotian Shelf,19.46
2025-08-15,Gulf of St. Lawrence,18.023
2025-09-15,Bay of Fundy,15.116
2025-09-15,Scotian Shelf,18.229
2025-09-15,Gulf of St. Lawrence,15.249
2025-10-15,Bay of Fundy,13.012
2025-10-15,Scotian Shelf,15.261
2025-10-15,Gulf of St. Lawrence,10.528
2025-11-15,Bay of Fundy,9.881
2025-11-15,Scotian Shelf,10.701
2025-11-15,Gulf of St. Lawrence,6.333
2025-12-15,Bay of Fundy,6.348
2025-12-15,Scotian Shelf,6.836
2025-12-15,Gulf of St. Lawrence,2.263
2026-02-15,Bay of Fundy,2.356
2026-02-15,Scotian Shelf,3.054
2026-02-15,Gulf of St. Lawrence,-0.716
2026-03-15,Bay of Fundy,1.862
2026-03-15,Scotian Shelf,2.457
2026-03-15,Gulf of St. Lawrence,-0.842
2026-04-15,Bay of Fundy,3.132
2026-04-15,Scotian Shelf,3.041
2026-04-15,Gulf of St. Lawrence,0.474
